id,1.age,age,1.gender,2.isDisorders,2.disorders,3.correctedVision1,virtualChinrestStart.view_dist_mm,virtualChinrestStart.scale_factor,virtualChinrestEnd.view_dist_mm,virtualChinrestEnd.scale_factor,visualAcuity.0.vaValue,visualAcuity.0.isFreeStimulation,visualAcuity.0.rightAnswer,visualAcuity.0.answer,visualAcuity.0.rt,visualAcuity.1.vaValue,visualAcuity.1.isFreeStimulation,visualAcuity.1.rightAnswer,visualAcuity.1.answer,visualAcuity.1.rt,visualAcuity.2.vaValue,visualAcuity.2.isFreeStimulation,visualAcuity.2.rightAnswer,visualAcuity.2.answer,visualAcuity.2.rt,visualAcuity.3.vaValue,visualAcuity.3.isFreeStimulation,visualAcuity.3.rightAnswer,visualAcuity.3.answer,visualAcuity.3.rt,visualAcuity.4.vaValue,visualAcuity.4.isFreeStimulation,visualAcuity.4.rightAnswer,visualAcuity.4.answer,visualAcuity.4.rt,visualAcuity.5.vaValue,visualAcuity.5.isFreeStimulation,visualAcuity.5.rightAnswer,visualAcuity.5.answer,visualAcuity.5.rt,visualAcuity.6.vaValue,visualAcuity.6.isFreeStimulation,visualAcuity.6.rightAnswer,visualAcuity.6.answer,visualAcuity.6.rt,visualAcuity.7.vaValue,visualAcuity.7.isFreeStimulation,visualAcuity.7.rightAnswer,visualAcuity.7.answer,visualAcuity.7.rt,visualAcuity.8.vaValue,visualAcuity.8.isFreeStimulation,visualAcuity.8.rightAnswer,visualAcuity.8.answer,visualAcuity.8.rt,visualAcuity.9.vaValue,visualAcuity.9.isFreeStimulation,visualAcuity.9.rightAnswer,visualAcuity.9.answer,visualAcuity.9.rt,visualAcuity.10.vaValue,visualAcuity.10.isFreeStimulation,visualAcuity.10.rightAnswer,visualAcuity.10.answer,visualAcuity.10.rt,visualAcuity.11.vaValue,visualAcuity.11.isFreeStimulation,visualAcuity.11.rightAnswer,visualAcuity.11.answer,visualAcuity.11.rt,visualAcuity.12.vaValue,visualAcuity.12.isFreeStimulation,visualAcuity.12.rightAnswer,visualAcuity.12.answer,visualAcuity.12.rt,visualAcuity.13.vaValue,visualAcuity.13.isFreeStimulation,visualAcuity.13.rightAnswer,visualAcuity.13.answer,visualAcuity.13.rt,visualAcuity.14.vaValue,visualAcuity.14.isFreeStimulation,visualAcuity.14.rightAnswer,visualAcuity.14.answer,visualAcuity.14.rt,visualAcuity.15.vaValue,visualAcuity.15.isFreeStimulation,visualAcuity.15.rightAnswer,visualAcuity.15.answer,visualAcuity.15.rt,visualAcuity.16.vaValue,visualAcuity.16.isFreeStimulation,visualAcuity.16.rightAnswer,visualAcuity.16.answer,visualAcuity.16.rt,visualAcuity.17.vaValue,visualAcuity.17.isFreeStimulation,visualAcuity.17.rightAnswer,visualAcuity.17.answer,visualAcuity.17.rt,visualAcuity.18.vaValue,visualAcuity.18.isFreeStimulation,visualAcuity.18.rightAnswer,visualAcuity.18.answer,visualAcuity.18.rt,visualAcuity.19.vaValue,visualAcuity.19.isFreeStimulation,visualAcuity.19.rightAnswer,visualAcuity.19.answer,visualAcuity.19.rt,visualAcuity.20.vaValue,visualAcuity.20.isFreeStimulation,visualAcuity.20.rightAnswer,visualAcuity.20.answer,visualAcuity.20.rt,visualAcuity.21.vaValue,visualAcuity.21.isFreeStimulation,visualAcuity.21.rightAnswer,visualAcuity.21.answer,visualAcuity.21.rt,visualAcuity.22.vaValue,visualAcuity.22.isFreeStimulation,visualAcuity.22.rightAnswer,visualAcuity.22.answer,visualAcuity.22.rt,visualAcuity.23.vaValue,visualAcuity.23.isFreeStimulation,visualAcuity.23.rightAnswer,visualAcuity.23.answer,visualAcuity.23.rt,visualAcuity.24.vaValue,visualAcuity.24.isFreeStimulation,visualAcuity.24.rightAnswer,visualAcuity.24.answer,visualAcuity.24.rt,visualAcuity.25.vaValue,visualAcuity.25.isFreeStimulation,visualAcuity.25.rightAnswer,visualAcuity.25.answer,visualAcuity.25.rt,0.Numerosity.0.rightAnswer,0.Numerosity.0.answer,0.Numerosity.0.rt,0.Numerosity.1.rightAnswer,0.Numerosity.1.answer,0.Numerosity.1.rt,0.Numerosity.2.rightAnswer,0.Numerosity.2.answer,0.Numerosity.2.rt,0.Numerosity.3.rightAnswer,0.Numerosity.3.answer,0.Numerosity.3.rt,0.Numerosity.4.rightAnswer,0.Numerosity.4.answer,0.Numerosity.4.rt,0.Numerosity.5.rightAnswer,0.Numerosity.5.answer,0.Numerosity.5.rt,0.Numerosity.6.rightAnswer,0.Numerosity.6.answer,0.Numerosity.6.rt,0.Numerosity.7.rightAnswer,0.Numerosity.7.answer,0.Numerosity.7.rt,0.Numerosity.8.rightAnswer,0.Numerosity.8.answer,0.Numerosity.8.rt,0.Numerosity.9.rightAnswer,0.Numerosity.9.answer,0.Numerosity.9.rt,0.Numerosity.10.rightAnswer,0.Numerosity.10.answer,0.Numerosity.10.rt,0.Numerosity.11.rightAnswer,0.Numerosity.11.answer,0.Numerosity.11.rt,0.Numerosity.12.rightAnswer,0.Numerosity.12.answer,0.Numerosity.12.rt,0.Numerosity.13.rightAnswer,0.Numerosity.13.answer,0.Numerosity.13.rt,0.Numerosity.14.rightAnswer,0.Numerosity.14.answer,0.Numerosity.14.rt,0.Numerosity.15.rightAnswer,0.Numerosity.15.answer,0.Numerosity.15.rt,0.Numerosity.16.rightAnswer,0.Numerosity.16.answer,0.Numerosity.16.rt,0.Numerosity.17.rightAnswer,0.Numerosity.17.answer,0.Numerosity.17.rt,0.Numerosity.18.rightAnswer,0.Numerosity.18.answer,0.Numerosity.18.rt,0.Numerosity.19.rightAnswer,0.Numerosity.19.answer,0.Numerosity.19.rt,0.Numerosity.20.rightAnswer,0.Numerosity.20.answer,0.Numerosity.20.rt,0.Numerosity.21.rightAnswer,0.Numerosity.21.answer,0.Numerosity.21.rt,0.Numerosity.22.rightAnswer,0.Numerosity.22.answer,0.Numerosity.22.rt,0.Numerosity.23.rightAnswer,0.Numerosity.23.answer,0.Numerosity.23.rt,1.Line Length.0.rightAnswer,1.Line Length.0.answer,1.Line Length.0.rt,1.Line Length.1.rightAnswer,1.Line Length.1.answer,1.Line Length.1.rt,1.Line Length.2.rightAnswer,1.Line Length.2.answer,1.Line Length.2.rt,1.Line Length.3.rightAnswer,1.Line Length.3.answer,1.Line Length.3.rt,1.Line Length.4.rightAnswer,1.Line Length.4.answer,1.Line Length.4.rt,1.Line Length.5.rightAnswer,1.Line Length.5.answer,1.Line Length.5.rt,1.Line Length.6.rightAnswer,1.Line Length.6.answer,1.Line Length.6.rt,1.Line Length.7.rightAnswer,1.Line Length.7.answer,1.Line Length.7.rt,1.Line Length.8.rightAnswer,1.Line Length.8.answer,1.Line Length.8.rt,1.Line Length.9.rightAnswer,1.Line Length.9.answer,1.Line Length.9.rt,1.Line Length.10.rightAnswer,1.Line Length.10.answer,1.Line Length.10.rt,1.Line Length.11.rightAnswer,1.Line Length.11.answer,1.Line Length.11.rt,1.Line Length.12.rightAnswer,1.Line Length.12.answer,1.Line Length.12.rt,1.Line Length.13.rightAnswer,1.Line Length.13.answer,1.Line Length.13.rt,1.Line Length.14.rightAnswer,1.Line Length.14.answer,1.Line Length.14.rt,1.Line Length.15.rightAnswer,1.Line Length.15.answer,1.Line Length.15.rt,1.Line Length.16.rightAnswer,1.Line Length.16.answer,1.Line Length.16.rt,1.Line Length.17.rightAnswer,1.Line Length.17.answer,1.Line Length.17.rt,1.Line Length.18.rightAnswer,1.Line Length.18.answer,1.Line Length.18.rt,1.Line Length.19.rightAnswer,1.Line Length.19.answer,1.Line Length.19.rt,1.Line Length.20.rightAnswer,1.Line Length.20.answer,1.Line Length.20.rt,1.Line Length.21.rightAnswer,1.Line Length.21.answer,1.Line Length.21.rt,1.Line Length.22.rightAnswer,1.Line Length.22.answer,1.Line Length.22.rt,1.Line Length.23.rightAnswer,1.Line Length.23.answer,1.Line Length.23.rt,2.Biological Motion.0.rightAnswer,2.Biological Motion.0.answer,2.Biological Motion.0.rt,2.Biological Motion.1.rightAnswer,2.Biological Motion.1.answer,2.Biological Motion.1.rt,2.Biological Motion.2.rightAnswer,2.Biological Motion.2.answer,2.Biological Motion.2.rt,2.Biological Motion.3.rightAnswer,2.Biological Motion.3.answer,2.Biological Motion.3.rt,2.Biological Motion.4.rightAnswer,2.Biological Motion.4.answer,2.Biological Motion.4.rt,2.Biological Motion.5.rightAnswer,2.Biological Motion.5.answer,2.Biological Motion.5.rt,2.Biological Motion.6.rightAnswer,2.Biological Motion.6.answer,2.Biological Motion.6.rt,2.Biological Motion.7.rightAnswer,2.Biological Motion.7.answer,2.Biological Motion.7.rt,2.Biological Motion.8.rightAnswer,2.Biological Motion.8.answer,2.Biological Motion.8.rt,2.Biological Motion.9.rightAnswer,2.Biological Motion.9.answer,2.Biological Motion.9.rt,2.Biological Motion.10.rightAnswer,2.Biological Motion.10.answer,2.Biological Motion.10.rt,2.Biological Motion.11.rightAnswer,2.Biological Motion.11.answer,2.Biological Motion.11.rt,2.Biological Motion.12.rightAnswer,2.Biological Motion.12.answer,2.Biological Motion.12.rt,2.Biological Motion.13.rightAnswer,2.Biological Motion.13.answer,2.Biological Motion.13.rt,2.Biological Motion.14.rightAnswer,2.Biological Motion.14.answer,2.Biological Motion.14.rt,2.Biological Motion.15.rightAnswer,2.Biological Motion.15.answer,2.Biological Motion.15.rt,2.Biological Motion.16.rightAnswer,2.Biological Motion.16.answer,2.Biological Motion.16.rt,2.Biological Motion.17.rightAnswer,2.Biological Motion.17.answer,2.Biological Motion.17.rt,2.Biological Motion.18.rightAnswer,2.Biological Motion.18.answer,2.Biological Motion.18.rt,2.Biological Motion.19.rightAnswer,2.Biological Motion.19.answer,2.Biological Motion.19.rt,2.Biological Motion.20.rightAnswer,2.Biological Motion.20.answer,2.Biological Motion.20.rt,2.Biological Motion.21.rightAnswer,2.Biological Motion.21.answer,2.Biological Motion.21.rt,2.Biological Motion.22.rightAnswer,2.Biological Motion.22.answer,2.Biological Motion.22.rt,2.Biological Motion.23.rightAnswer,2.Biological Motion.23.answer,2.Biological Motion.23.rt,3.Mooney Image.0.rightAnswer,3.Mooney Image.0.answer,3.Mooney Image.0.rt,3.Mooney Image.1.rightAnswer,3.Mooney Image.1.answer,3.Mooney Image.1.rt,3.Mooney Image.2.rightAnswer,3.Mooney Image.2.answer,3.Mooney Image.2.rt,3.Mooney Image.3.rightAnswer,3.Mooney Image.3.answer,3.Mooney Image.3.rt,3.Mooney Image.4.rightAnswer,3.Mooney Image.4.answer,3.Mooney Image.4.rt,3.Mooney Image.5.rightAnswer,3.Mooney Image.5.answer,3.Mooney Image.5.rt,3.Mooney Image.6.rightAnswer,3.Mooney Image.6.answer,3.Mooney Image.6.rt,3.Mooney Image.7.rightAnswer,3.Mooney Image.7.answer,3.Mooney Image.7.rt,3.Mooney Image.8.rightAnswer,3.Mooney Image.8.answer,3.Mooney Image.8.rt,3.Mooney Image.9.rightAnswer,3.Mooney Image.9.answer,3.Mooney Image.9.rt,3.Mooney Image.10.rightAnswer,3.Mooney Image.10.answer,3.Mooney Image.10.rt,3.Mooney Image.11.rightAnswer,3.Mooney Image.11.answer,3.Mooney Image.11.rt,3.Mooney Image.12.rightAnswer,3.Mooney Image.12.answer,3.Mooney Image.12.rt,3.Mooney Image.13.rightAnswer,3.Mooney Image.13.answer,3.Mooney Image.13.rt,3.Mooney Image.14.rightAnswer,3.Mooney Image.14.answer,3.Mooney Image.14.rt,3.Mooney Image.15.rightAnswer,3.Mooney Image.15.answer,3.Mooney Image.15.rt,3.Mooney Image.16.rightAnswer,3.Mooney Image.16.answer,3.Mooney Image.16.rt,3.Mooney Image.17.rightAnswer,3.Mooney Image.17.answer,3.Mooney Image.17.rt,3.Mooney Image.18.rightAnswer,3.Mooney Image.18.answer,3.Mooney Image.18.rt,3.Mooney Image.19.rightAnswer,3.Mooney Image.19.answer,3.Mooney Image.19.rt,3.Mooney Image.20.rightAnswer,3.Mooney Image.20.answer,3.Mooney Image.20.rt,3.Mooney Image.21.rightAnswer,3.Mooney Image.21.answer,3.Mooney Image.21.rt,3.Mooney Image.22.rightAnswer,3.Mooney Image.22.answer,3.Mooney Image.22.rt,3.Mooney Image.23.rightAnswer,3.Mooney Image.23.answer,3.Mooney Image.23.rt,4.Keyboard Tapping.0.hand,4.Keyboard Tapping.0.answer,4.Keyboard Tapping.0.rt,4.Keyboard Tapping.1.hand,4.Keyboard Tapping.1.answer,4.Keyboard Tapping.1.rt,4.Keyboard Tapping.2.hand,4.Keyboard Tapping.2.answer,4.Keyboard Tapping.2.rt
1,1995,27,Male,FALSE,,no,642.27,0.644,627.64,0.644,0.1,FALSE,Right,Right,1060.2,0.2,FALSE,Right,Right,558.8000002,0.4,FALSE,Left,Left,554.6000004,0.6,FALSE,Up,Up,574.5999999,0.8,FALSE,Up,Up,560.2000003,0.85,FALSE,Left,Left,601.0999999,0.9,FALSE,Down,Down,559.9000001,0.8,TRUE,Up,Up,568.8000002,0.95,FALSE,Down,Down,584.3000002,1,FALSE,Left,Left,704.9000001,1,FALSE,Up,Up,633.5,1,FALSE,Down,Down,770.7999997,1,FALSE,Left,Left,741.8000002,1,FALSE,Right,Right,961.7000003,1,FALSE,Up,Up,661.0999999,1,FALSE,Down,Down,629.6999998,1,FALSE,Right,Right,772.7000003,0.9,TRUE,Left,Left,578.5,1,FALSE,Right,Right,849.2000003,1,FALSE,Left,Left,679.7999997,0.9,TRUE,Down,Down,681.6999998,1,FALSE,Right,Right,826.2999997,1,FALSE,Up,Up,657.5999999,1,FALSE,Down,Down,690.2000003,1,FALSE,Down,Down,848.4000001,1,FALSE,Up,Up,617.7999997,29,29,1658.9,15,10,1334.6,24,20,1701.1,27,15,2797.1,23,20,1074.6,20,20,2155.6,20,20,2807.7,13,10,1230.7,17,10,1348.6,26,30,1110,18,25,1787.4,28,30,2089.6,25,20,1224.1,18,20,1878.1,25,30,1379.1,9,10,1314.8,28,10,2638.5,27,10,2218.7,22,15,1238.3,27,30,937.4000001,32,40,1139.4,25,30,1085.8,22,30,943.3000002,34,30,1070,11,10,1172.1,18,15,1429.9,6,8,1277.4,16,8,852.6999998,12,10,901.1999998,17,15,2589.4,5,15,5427.5,1,2,1157.7,1,2,583.1999998,15,10,1103,12,10,790,13,10,546.3000002,8,8,1104.7,8,8,560.5999999,1,2,1051.1,9,5,1190.4,1,2,549.7000003,15,10,778.5,4,5,939.2000003,1,2,568.8000002,5,5,712.1999998,1,2,546.7000003,1,2,511.9000001,3,5,946.3000002,Random,Random,1072.9,BML,BML,921.1999998,Random,Random,1356.4,Random,Random,654.7000003,Random,Random,1336.3,BML,BML,2043.3,Random,Random,1242.8,Random,Random,722.9000001,Random,Random,992.9000001,Random,Random,737.1000004,Random,Random,761,BML,BML,1626,BML,BML,787.4000001,BML,BML,1601.1,BML,BML,796.5999999,Random,Random,928.0999999,BML,BML,1461.3,BML,BML,1255.2,Random,Random,802,BML,BML,1559.8,Random,Random,841.4000001,BML,BML,1042.1,Random,Random,687,BML,BML,687.3999996,I,U,1118,I,U,1414.4,U,U,995.9000001,S,U,1020.1,U,U,775.9000001,I,U,958,S,S,696.0999999,S,S,1147.1,I,U,993.6999998,S,S,650.8000002,S,S,674.5,I,U,1715.9,I,U,1423.2,S,U,1655.5,U,U,894.5999999,U,U,1411.5,I,U,1106.9,U,U,850.5999999,S,S,870.5999999,S,S,2108.6,S,S,832.9000001,S,S,806.6999998,I,S,799.0999999,S,S,762.5999999,Both,kskskskskskskskskskskskskskskskskskskskskskskskskskskskskskskskskskskskskskskskskskskskskskskskskskskskskskskskskskskskskskskskskskskskskskskskskskskskskskskskskskskskskskskskskskskssksksksksksksksksksksksksksksksksksksksksksksksksksksksksksksksksksksksksksksksksksksksksksksksksksksksksksksksksksksk,29060.9,Right,ksksksksksksksksksksksksksksksksksksksksksksksksksksksksksksksksksksksksksk,29039.3,Left,ksksksksksksksksksksksksksksksksksksksksksksksksksksksksksksksksks,29034.1
2,1996,26,Female,FALSE,,no,536.22,0.714,455.34,0.786,0.1,FALSE,Down,Down,1431.2,0.2,FALSE,Left,Left,596.1,0.4,FALSE,Down,Down,693.6,0.6,FALSE,Up,Up,668.9,0.8,FALSE,Left,Left,653.5,0.85,FALSE,Up,Up,650.8,0.9,FALSE,Right,Right,630.3000001,0.95,FALSE,Down,Down,628.7,1,FALSE,Down,Down,749.4,1,FALSE,Left,Left,620.6,1,FALSE,Right,Right,654.1999999,1,FALSE,Left,Left,700.4,1,FALSE,Up,Up,573,1,FALSE,Right,Right,645,1,FALSE,Up,Up,653.2,1,FALSE,Left,Left,638,1,FALSE,Up,Up,725.9,1,FALSE,Up,Up,868.5,1,FALSE,Left,Left,679.4,1,FALSE,Right,Right,693.2,1,FALSE,Right,Right,621.1999999,0.9,TRUE,Up,Up,654.6999999,1,FALSE,Up,Up,774.1,0.9,TRUE,Left,Left,612.8,0.8,TRUE,Right,Right,688.3,0.95,FALSE,Down,Down,703.8000001,29,18,1293.6,15,10,1997.1,24,12,1228.4,27,15,1382.4,23,14,1368,20,12,1158,20,10,1646.6,13,8,1089,17,10,1381.2,26,13,1553.4,18,10,1417.2,28,16,1415.5,25,17,1708.4,18,15,1187.1,25,14,1254.5,9,10,2878.7,28,12,1464.3,27,12,1252,22,15,1337.4,27,15,1088.6,32,16,1277.2,25,10,1652.1,22,10,1831.2,34,12,1813.3,11,12,1826.6,18,20,1433.9,6,4,1241.2,16,12,1978,12,13,1442.3,17,20,1210.8,5,4,1008.6,1,1,737.3,1,1,638.2,15,20,1155.6,12,6,2423.5,13,7,1035.2,8,5,971.4,8,4,911,1,1,694.4,9,6,828.5,1,1,613.5,15,10,1667.7,4,5,1097.7,1,1,636.6,5,4,930.6,1,1,714.4,1,1,787.3,3,3,840.9000001,Random,Random,862.8,BML,BML,1082.7,Random,Random,1179.4,Random,Random,2109.2,Random,Random,1179.7,BML,BML,1592.8,Random,Random,1119.3,Random,Random,819.7,Random,BML,1081.2,Random,Random,1356.5,Random,Random,1420.6,BML,BML,1224.2,BML,BML,1164.9,BML,Random,1021.9,BML,BML,1360.4,Random,Random,910.8,BML,BML,1193.4,BML,BML,1274.4,Random,Random,891.5999999,BML,BML,1079.1,Random,Random,1248.2,BML,BML,1107.5,Random,Random,1029.1,BML,BML,1359.4,I,S,1184.9,I,S,1131.1,U,U,1177.8,S,U,1472.3,U,U,950.9,I,S,1400.2,S,S,989.8,S,S,1159,I,S,1078.4,S,S,1038.8,S,S,1069.7,I,U,1036.9,I,U,1215.9,S,S,968.1,U,U,1204.3,U,U,1098.1,I,S,1138.7,U,U,1106.2,S,S,1228.6,S,S,1099.8,S,S,1227.5,S,S,879.5999999,I,S,1513.7,S,S,910.6,Both,skskskskskskskskskskskskskskskskskskskskskskskskskskskskskskskskskskskskskskskskskskskskskskskskskskskskskskskskskskskskskskskskskskskskskskskskskskskskskskskskskskskskskskskskskskskskskskskskskskskskskskskskskskskskskskskskskskksskskskskskskskskskskskskskskskskskskskskskskks,29016.6,Right,ksksksksksksksksksksksksksksksksksksksksksksksksksksksksksjksksksksksksksksksksksksksksksls,29042.2,Left,ksksksksksksksksksksksksksksksksksksksksksksksksksksksksksksksksksksksksksksk,29015.7
3,1997,25,Male,FALSE,,yesWearing,534.32,0.658,525.55,0.658,0.1,FALSE,Down,Down,847.6,0.2,FALSE,Down,Down,594.5,0.4,FALSE,Right,Right,549.6,0.6,FALSE,Left,Left,526.9,0.8,FALSE,Up,Up,544.8,0.85,FALSE,Right,Right,563.8,0.9,FALSE,Up,Up,642.9,0.8,TRUE,Up,Up,581.3,0.7,TRUE,Up,Up,607.6,0.85,FALSE,Down,Down,813.2,0.85,FALSE,Down,Down,739.3,0.9,FALSE,Left,Left,548.6,0.95,FALSE,Down,Down,638.1,1,FALSE,Up,Up,622,1,FALSE,Right,Right,605.3,1,FALSE,Up,Up,700.9,1,FALSE,Right,Right,718,1,FALSE,Up,Up,635.8,1,FALSE,Right,Right,605.5,1,FALSE,Right,Right,629.4,1,FALSE,Up,Up,590.5,1,FALSE,Left,Left,624.3,1,FALSE,Right,Right,699.1,1,FALSE,Left,Left,638.1,0.9,TRUE,Down,Down,646.2,1,FALSE,Right,Right,613,29,22,5317.5,15,15,2509.7,24,24,2476,27,18,2872.1,23,18,2441.6,20,16,2380.2,20,15,2140.9,13,14,3206.7,17,15,1744.8,26,17,3642.2,18,20,1720.4,28,22,1273.6,25,20,1456.7,18,18,1051.3,25,19,1326,9,14,2148.5,28,15,1197.8,27,20,2308,22,25,1345,27,24,3714.9,32,26,1233,25,25,2026.3,22,18,1220.6,34,23,3075.5,11,8,2835.6,18,12,1976.6,6,5,1329.3,16,7,2515,12,10,2547.3,17,12,1199.9,5,4,1094,1,1,899.8,1,1,613.9,15,13,2140.5,12,12,3175.2,13,10,2570.3,8,8,1724.2,8,9,1468.1,1,1,689.1,9,5,1131.3,1,1,992.7,15,7,4213.3,4,5,1336,1,1,782.6,5,4,1214.1,1,1,566.7,1,1,508.2,3,3,1355.7,Random,Random,1364.5,BML,BML,888.2,Random,Random,1071.3,Random,Random,2339.6,Random,Random,947.5,BML,BML,915.9,Random,Random,1121.1,Random,Random,1185.6,Random,Random,1453.3,Random,Random,892.6,Random,Random,792.7,BML,BML,1289.8,BML,BML,934.4,BML,BML,1023.6,BML,BML,1160,Random,Random,847.3,BML,BML,2417.5,BML,BML,1456.9,Random,Random,868.3,BML,BML,1352.1,Random,Random,2315.8,BML,BML,991.4,Random,Random,991.2,BML,BML,833.2,I,S,2916,I,S,1335.3,U,U,952.8,S,S,1511.6,U,U,905.7,I,U,1457,S,S,1785.7,S,U,1054.7,I,U,1106.1,S,S,1041,S,S,1176.4,I,U,1076,I,U,1379,S,S,1157.4,U,U,1319.6,U,U,1130.3,I,S,1189.6,U,U,1497.5,S,S,1138.6,S,S,1413,S,U,1317.2,S,S,1819.3,I,S,1699.7,S,S,1142.9,Both,sksksksksksksksksksksksksksksksksksksksksksksksksksksksksksksksksksksksksksksksksksksksksksksksksksksksksksksksksksksksksksksksksksksksksksksksksksksksksksksksksksksksksksksksksksksksksksksksksksksksksksksksksksksksksksksksksksksksksksksksksksksksksksksksksksksksksksksksksksksksksks,29016.6,Right,kssksksksksksksksksksksksksksksksksksksksksksksksksksskskskskssksksksksksksksksksksksksskskskskskskskksskskskskskssksskskskskskskskskskskskskskskskskskskskskskskskskskskskskskskskskskskskskskskskskskskkskskksksksksksksksksksksksksksksksk,29002,Left,kskskskskskskskskskskskskskskskskskskskskskskskskksksksksksksksksksksksksksksksksksksksksksksksksksksksksksksksksksksksksksksksksksksksksksksksksksksksksksksksksksksksksksksksksksksksksksksksksksksksksksksksksksksksksksksk,29004.6
4,1992,30,Male,FALSE,,no,541.32,0.86,606.39,0.864,0.1,FALSE,Left,Left,4552.2,0.2,FALSE,Left,Left,854.8000002,0.4,FALSE,Right,Right,894.9000001,0.6,FALSE,Right,Right,810.2000003,0.8,FALSE,Right,Right,699.0999999,0.85,FALSE,Left,Left,961.8000002,0.9,FALSE,Left,Left,1154.7,0.95,FALSE,Right,Right,870.0999999,1,FALSE,Down,Down,1239.6,1,FALSE,Down,Down,924.4000001,1,FALSE,Up,Up,910.5999999,1,FALSE,Right,Right,2083.8,1,FALSE,Down,Down,853.6999998,1,FALSE,Right,Right,1390.7,0.9,TRUE,Down,Down,835,0.8,TRUE,Left,Left,1452.3,0.95,FALSE,Down,Down,858.5999999,0.95,FALSE,Up,Up,902.9000001,0.85,TRUE,Up,Up,930.9000001,1,FALSE,Up,Up,932.7999997,1,FALSE,Up,Up,1042.9,1,FALSE,Right,Right,927.5,1,FALSE,Down,Down,858.5,1,FALSE,Left,Left,2571.6,1,FALSE,Down,Down,732,1,FALSE,Up,Up,1259.3,29,22,6146.9,15,12,4005.3,24,27,3402.9,27,19,4907.6,23,23,2813.3,20,23,3871.7,20,18,4983.8,13,12,3485.6,17,20,3728.1,26,22,6262.9,18,19,2649.9,28,28,2112.4,25,22,4085.8,18,20,3376.8,25,22,4260,9,9,2199.3,28,30,3044.4,27,24,3138.2,22,22,2940.5,27,24,1542.1,32,26,1788.4,25,20,2928.9,22,20,1897.6,34,26,2203.4,11,8,3510.5,18,14,4940.6,6,7,2548.7,16,12,1743.8,12,12,3052.6,17,16,1768.9,5,7,3443.3,1,3,1173.3,1,2,1835.8,15,16,2188.1,12,14,1321.2,13,14,1150.1,8,10,1348.6,8,10,865,1,2,1385.8,9,8,1788.6,1,2,1487.3,15,12,1727.3,4,4,1134.9,1,2,1086.2,5,6,1552.3,1,1,740.3000002,1,1,972.6999998,3,4,3241.1,Random,Random,4321.3,BML,BML,1695,Random,BML,4811.2,Random,Random,2662.7,Random,BML,2087.2,BML,BML,1119.7,Random,Random,2068.6,Random,Random,1728.2,Random,BML,1306.8,Random,BML,2129.4,Random,BML,1484.4,BML,BML,1271.4,BML,BML,1623.3,BML,BML,1422.7,BML,BML,1874.8,Random,Random,1296.7,BML,BML,1629.4,BML,BML,4134.1,Random,Random,1472.2,BML,BML,1211.8,Random,Random,2204,BML,BML,1241.7,Random,Random,1491.4,BML,BML,1514.2,I,S,5751,I,S,1749.3,U,U,1392.3,S,S,1433.5,U,S,1457.2,I,U,2153.3,S,S,1556,S,S,1321.1,I,U,1687.7,S,U,2277.6,S,S,1512.4,I,S,1982.4,I,U,1517.1,S,S,1997.4,U,U,1392.8,U,S,1444.7,I,S,1390.5,U,S,1339.1,S,S,3585.5,S,U,1509.8,S,S,1649.4,S,U,1538.3,I,S,1317.7,S,S,1240.5,Both,skskskskskskskssksksksksskskskskskskskssksksksksksksksskskskskssksksksksksksksksskskskskskskskskskskskskskskskskskskskskskskskskkskskskskskskskskskskskskskskskskskskskskskskskskskskdskskskskskkskskskskkskskskksksksjkkskskskkslkskaskkskskskskskkskskskskskskskks,29003.3,Right,skskkskskssksksskksksksksksksksssskksksksksksksksksskksksksskskskskskskskskskskskskskskskskksskskskskskskskskksskskdskdskdskskskskskskskskskskskskskskskskskskskskskskskskskskskskskskskskskskskskskskskskskskskskskskskskskskskskskskskskskskskskskskskskskskskskskskdskdsksksksksksksksksksksksksksksksksksksksksksksksksksk,29011.5,Left,ksksksksksksskksksksksksksksksksksksksksksksksksksksksksksskskksksskkskskskskskskskskskskskskskskskskskskskskskskskskskskskskskskksksksksksksaksksksksksksksksksksksksskskkskskskskswksksksksksksksksksksksksksksksksksksksksksksskkskswksksksksksksksksksksksksksksksksksksksksksksksksksksksks,29006.3
5,1966,56,Female,FALSE,,yesWearing,474.36,0.892,421.95,0.89,0.1,FALSE,Up,Up,2161.3,0.2,FALSE,Down,Down,1621.3,0.4,FALSE,Right,Right,3250.7,0.6,FALSE,Right,Right,1612.4,0.8,FALSE,Right,Right,990.6999999,0.85,FALSE,Right,Right,880.8,0.9,FALSE,Up,Up,1294.1,0.95,FALSE,Left,Left,2555.3,1,FALSE,Down,Down,1110,1,FALSE,Right,Right,1331,0.9,TRUE,Right,Right,1085.5,1,FALSE,Left,Left,1194.5,1,FALSE,Down,Down,1134.8,1,FALSE,Left,Left,1381.7,1,FALSE,Left,Left,1028.5,0.9,TRUE,Up,Up,1239,1,FALSE,Left,Left,1077.4,1,FALSE,Right,Right,1086.1,0.9,TRUE,Up,Up,1179.7,1,FALSE,Up,Up,977.6,1,FALSE,Left,Left,1143.6,1,FALSE,Right,Right,1758.8,1,FALSE,Down,Down,1195.5,1,FALSE,Up,Up,1283.8,1,FALSE,Down,Down,1097.3,1,FALSE,Up,Up,1107.9,29,25,7489.2,15,15,4418.6,24,20,5106.1,27,26,4604.5,23,15,4043.8,20,18,3583.5,20,14,4938.8,13,11,4620.2,17,10,4172.9,26,23,3819.7,18,13,6156.4,28,16,5893.2,25,18,6812.2,18,12,5210.5,25,13,5981.4,9,7,2874.5,28,17,6989.8,27,19,5188.7,22,14,5834.8,27,12,5418.3,32,26,2760.4,25,19,3862,22,13,6304.4,34,14,5202.6,11,7,5393.8,18,9,2933.4,6,8,2626.4,16,10,2318.9,12,9,1942.6,17,8,3871.1,5,5,2346.3,1,1,2054.6,1,1,1844.7,15,9,2600.9,12,10,1986.9,13,10,1958.7,8,8,2126.8,8,7,2375.4,1,1,1874.6,9,6,2222.4,1,1,1749.6,15,9,2078.2,4,4,2042.9,1,1,1720.8,5,5,1924.4,1,1,1712.4,1,1,1810.1,3,3,1790.8,Random,Random,5306.9,BML,BML,3145.6,Random,Random,4752.6,Random,Random,3427.3,Random,Random,3144.6,BML,BML,6228.8,Random,BML,3370.9,Random,Random,3142.3,Random,Random,3090.8,Random,Random,3421.1,Random,Random,3293.9,BML,BML,3184,BML,BML,3070,BML,BML,3402.8,BML,BML,3309.6,Random,Random,2998.5,BML,BML,2966.8,BML,BML,3388.4,Random,Random,2856,BML,BML,3010,Random,Random,3279,BML,BML,3025.1,Random,Random,5675,BML,BML,3279.1,I,S,5519.9,I,S,3935.5,U,U,4343,S,S,3988.5,U,U,3191.2,I,S,3018,S,S,2912.3,S,U,3453.5,I,U,3322.3,S,S,2894.9,S,S,3123.7,I,S,3223.7,I,U,3009.1,S,U,3363.3,U,U,2981.1,U,U,2924.8,I,S,3104.7,U,U,2784.2,S,S,3117.4,S,U,2921.3,S,S,3057.1,S,S,2695.1,I,S,2867.2,S,S,2997.4,Both,skskskskskskskskskskskskskskskskskskskskskskskksskksskskskskskskksskskkssksksksksksksksksksksksksk,29034.4,Right,ksksksksksksksksksksksksksksksksksksksksksksksksksksksksks,29036.1,Left,sksksksksksksksksksksksksksksksksksksksksksksksksksksks,29033.9
6,1989,33,Male,FALSE,,no,611.98,1.014,379.88,0.584,0.1,FALSE,Down,Down,919.8,0.2,FALSE,Right,Right,777.1,0.4,FALSE,Left,Left,899.5,0.6,FALSE,Up,Up,731.9,0.8,FALSE,Up,Up,667.1,0.85,FALSE,Down,Down,751.9,0.9,FALSE,Up,Up,800.3,0.95,FALSE,Down,Down,698.1,1,FALSE,Down,Down,922.6,1,FALSE,Up,Up,693.4,1,FALSE,Up,Up,756.4,0.9,TRUE,Right,Right,739.2,1,FALSE,Left,Left,679.3,1,FALSE,Right,Right,736.1,1,FALSE,Left,Left,800.6,1,FALSE,Right,Right,695.7,1,FALSE,Right,Right,820.4,1,FALSE,Up,Up,853.1,1,FALSE,Left,Left,752.5,1,FALSE,Up,Up,677.4,0.9,TRUE,Up,Up,742.1,1,FALSE,Right,Right,767.7,0.9,TRUE,Down,Down,860.8,1,FALSE,Right,Right,739.4,1,FALSE,Down,Down,834.9,1,FALSE,Left,Left,782.4,29,30,3555.9,15,10,2432.6,24,17,2916.5,27,22,3102.9,23,18,2912.4,20,15,2143.9,20,15,2105,13,8,2110.4,17,14,2347.2,26,20,2729.3,18,10,1686.8,28,20,1649.1,25,23,1504.4,18,15,2765,25,25,1996.5,9,8,1718.6,28,20,2711.5,27,20,1546.3,22,20,1461.4,27,20,1392,32,25,1781,25,25,1930.5,22,20,1458.1,34,30,1472.5,11,2,1962.9,18,3,1383.9,6,7,1972.3,16,10,2213.1,12,10,3438.9,17,12,1896.6,5,4,1304.1,1,1,948.4,1,2,1057.8,15,10,1315.7,12,10,1212.3,13,10,1972.2,8,8,1271.6,8,7,999.3,1,1,1066.7,9,8,1288.7,1,1,851.4,15,10,1309.3,4,4,1882.1,1,1,812.3,5,6,1220.8,1,1,780.4,1,1,642.8,3,4,1091,Random,Random,1990.2,BML,BML,2143.5,Random,BML,1740.4,Random,Random,1655,Random,BML,3736.2,BML,BML,2005.6,Random,BML,1955.7,Random,Random,1882.3,Random,BML,1628.7,Random,BML,1764.4,Random,BML,1560.8,BML,BML,2605.2,BML,BML,1586.9,BML,BML,1718.9,BML,BML,1756.7,Random,BML,1684.3,BML,BML,1636.5,BML,BML,1547.2,Random,BML,1554.6,BML,BML,1654.6,Random,BML,1499,BML,BML,1539.8,Random,BML,2173.3,BML,BML,1562.4,I,S,3270.9,I,S,2497.1,U,U,1450.5,S,U,1584.4,U,U,1542.5,I,S,1458,S,U,1406,S,S,1462.6,I,S,2290.8,S,S,1448.6,S,S,1520,I,S,1504,I,U,2621.4,S,U,1567.4,U,U,1510.3,U,U,1285.4,I,S,1357.6,U,U,1246.5,S,U,1456.9,S,S,1517.9,S,S,1488.3,S,S,1440.6,I,S,1232.7,S,S,1277.9,Both,ksksksksksksksksksksksksksksksksksksksksksksksksksksksksksksksksksksksksksksksksksksksksksksksksksksksksksksksksksksksksksksksksksksksksksksksksksksksksksksksksksksksksksksksksksksksksksksksksksksksksksksksk,28997.9,Right,kskskskskskskskskskskskskskskskskskskskskskskskskskskskskskskskskskskskskskskskskskskskskskskskksksksksksksksksksksksksksksksksksksksksksksksksksksksksksksksksksksksksksksksksk,28996.1,Left,,
7,1996,26,Female,FALSE,,yesWearing,443.96,0.828,598.09,0.836,0.1,FALSE,Left,Left,3615.9,0.2,FALSE,Down,Down,1318.2,0.4,FALSE,Down,Down,980.0999999,0.6,FALSE,Left,Left,1091.3,0.8,FALSE,Up,Up,783.9000001,0.85,FALSE,Right,Right,629.9000001,0.9,FALSE,Right,Right,795.5999999,0.8,TRUE,Left,Left,994.9000001,0.95,FALSE,Right,Right,733.4000001,1,FALSE,Up,Up,913.9000001,1,FALSE,Up,Up,1672,1,FALSE,Down,Down,818.3000002,1,FALSE,Left,Left,926,1,FALSE,Right,Right,833.1999998,1,FALSE,Down,Down,822.0999999,1,FALSE,Up,Up,1085.5,1,FALSE,Left,Left,772.0999999,1,FALSE,Right,Right,732.7999997,1,FALSE,Up,Up,817.5,1,FALSE,Up,Up,1129.1,1,FALSE,Left,Left,845.5999999,1,FALSE,Right,Right,812.7999997,0.9,TRUE,Left,Left,753.7000003,1,FALSE,Up,Up,852,0.9,TRUE,Right,Right,657.7999997,1,FALSE,Down,Down,1048.1,29,18,5756.5,15,15,5050.8,24,18,4685.6,27,20,3760,23,18,3917.6,20,22,3937.1,20,15,3436.2,13,15,3409.6,17,15,3287.8,26,20,2911.1,18,18,2323.7,28,24,3851.9,25,18,3319.6,18,12,4744.8,25,18,2974.4,9,8,3259.9,28,19,3331.4,27,20,4719.5,22,17,2658.3,27,20,2219.4,32,22,1814.8,25,23,2571.6,22,22,1569.1,34,25,1812,11,4,2539.4,18,4,1293.1,6,4,1218.6,16,4,1481.2,12,4,1166.8,17,4,1104,5,4,1821.5,1,4,1525.7,1,4,1066.6,15,4,891.3000002,12,4,875.8000002,13,4,937.9000001,8,4,849,8,4,849.4000001,1,4,958.6999998,9,4,798.5,1,4,818.3000002,15,4,1829.6,4,4,1545.7,1,4,757.6000004,5,4,774.7000003,1,4,831.4000001,1,4,807,3,3,4385.1,Random,Random,2466.7,BML,BML,1708.8,Random,Random,1895.6,Random,Random,2235.4,Random,Random,1663.7,BML,BML,1745.7,Random,Random,1638.1,Random,Random,1923.3,Random,Random,1505.1,Random,Random,1563.1,Random,Random,1467.3,BML,BML,2023.9,BML,BML,1588.4,BML,BML,1641.1,BML,BML,1604.9,Random,BML,1531,BML,BML,1359,BML,BML,1705.8,Random,Random,1365.6,BML,BML,1369.5,Random,Random,3038.8,BML,BML,1928.8,Random,BML,3616.7,BML,BML,1680.3,I,S,2243.4,I,S,1615.5,U,U,1519.6,S,S,1817.7,U,U,1504.5,I,U,1820.1,S,S,1494.4,S,S,1535.4,I,S,1621.9,S,S,1385.2,S,S,1445.4,I,U,1515.7,I,U,1516.5,S,S,1354.8,U,U,1415.9,U,U,1276.9,I,U,1605.1,U,U,1625,S,S,1179.6,S,S,2000.6,S,S,1269.7,S,S,1490.4,I,S,1215.1,S,S,1361.3,Both,sksskskskskskskskskskskskskkskskskskskskkskskskskskskkskskskskskskskskskskskskskskskskkskskskskskskskkskskskskskskkskskskskskskskks,29007.2,Right,kssksksksksksksksksksksksksksksksksksksksksk,29010.9,Left,ksksksksksksksksksksksksksksksksksksksksksksksksks,29021.5
8,1995,27,Male,FALSE,,yesWearing,659.84,1,551.07,0.912,0.1,FALSE,Down,Down,1237.4,0.2,FALSE,Up,Up,1170.4,0.4,FALSE,Down,Down,1674.7,0.6,FALSE,Right,Right,860.9,0.8,FALSE,Right,Right,707.5,0.7,TRUE,Left,Left,707.6,0.85,FALSE,Down,Down,858.7,0.75,TRUE,Left,Left,859.7,0.9,FALSE,Left,Left,851.3,0.95,FALSE,Up,Up,884.6,1,FALSE,Left,Left,668.3,0.9,TRUE,Right,Right,658.9,1,FALSE,Left,Left,719,1,FALSE,Up,Up,938.9,1,FALSE,Right,Right,852.5,1,FALSE,Down,Down,836.6,1,FALSE,Down,Down,1804.2,1,FALSE,Up,Up,1004.1,1,FALSE,Right,Right,730.6,1,FALSE,Up,Up,869.2,1,FALSE,Up,Up,1236.4,1,FALSE,Left,Left,805.2,1,FALSE,Right,Right,940.7,1,FALSE,Down,Down,892.1,1,FALSE,Up,Up,1020.6,1,FALSE,Right,Right,772.4,29,25,5029.6,15,15,3339.4,24,15,2067.2,27,20,2004.4,23,15,2188.3,20,20,3615.6,20,15,1172.1,13,10,1201.5,17,15,2375.2,26,20,1659,18,20,1197.3,28,20,864.9,25,20,2147.9,18,20,2234.3,25,20,795.8,9,10,1356.9,28,20,3484.3,27,20,1155.3,22,18,2569.5,27,20,1599.9,32,25,1343.2,25,15,2513.4,22,15,1192.2,34,25,1540.8,11,8,2422.9,18,12,1722.7,6,5,1702.9,16,13,2151.4,12,11,1902.4,17,13,6741.5,5,6,1633.5,1,1,1542.2,1,1,1091.3,15,14,1724.3,12,1,923,13,14,1596.1,8,9,1674.2,8,7,1109.8,1,1,1136.3,9,7,1250.4,1,1,1050,15,15,1796.7,4,4,1410.6,1,1,693.9,5,5,1436.7,1,1,592.6,1,1,756.2,3,3,1059.1,Random,Random,2791.5,BML,BML,1318.5,Random,BML,1561.3,Random,Random,1464.8,Random,Random,1930.6,BML,BML,1643.5,Random,Random,1405.7,Random,Random,1475.1,Random,BML,3656.6,Random,Random,1374.9,Random,Random,1282.5,BML,BML,1386.7,BML,BML,1323.9,BML,BML,1368.4,BML,BML,1714.9,Random,BML,1232.4,BML,BML,1440.8,BML,BML,1751,Random,Random,1977.4,BML,BML,1289.8,Random,Random,1381.9,BML,BML,2529.9,Random,BML,1514.8,BML,BML,1680.9,I,S,4575.4,I,S,1805.7,U,U,1419.3,S,S,1313.3,U,U,1212.2,I,S,1553.6,S,S,1372.4,S,S,1375,I,S,1578.8,S,S,1091.5,S,S,1234.6,I,S,874.8,I,U,1523.9,S,S,1144.9,U,U,908.3,U,U,1529,I,S,1033.4,U,U,932.9,S,S,914.9,S,S,1158.3,S,S,1606.6,S,S,1732.5,I,S,1022.1,S,S,1121,Both,ksksksksksksskskskskskskskskskskskskskskskskskskskskskskskksksksksksksksksksksksksksksksksksksksksskskskskssksksksksksksksksksksksksksksskskskskskskskskksskksskskksksksksskskskskksksksksksksskskskksksskskskskskskskskssksksksksksksksksksksksksk,29003.5,Right,kkkkkkkkkkkkkkkkssssssssssssskskskkskskskskksksskskksksksskkskssksksksskskksskskkskskskksksksskksksksksskksksskksksskksksskksskskskskkssksskskskksskskskskskksskksskskskskdksksskksskksskskksskkksskskskskskksskdks,29007.4,Left,kskkskskkskkskkskkskskskskskskkskkskskskskksksksksksksksksksksksksksskkskskksksksksksksksksksksksksksksksskksksksskkskskskskskskskskskskkskskskskskskskskskskssksskksksskksksksksksksksskksskksksksksskskskskskskssksksksksksksksks,29007.6
9,1991,31,Male,FALSE,,no,590.99,0.856,633.18,0.878,0.1,FALSE,Left,Left,835.6,0.2,FALSE,Up,Up,532.6,0.4,FALSE,Left,Left,542.6,0.6,FALSE,Up,Up,597.5,0.8,FALSE,Down,Down,686.3,0.85,FALSE,Left,Left,622.3,0.9,FALSE,Up,Up,589.5,0.95,FALSE,Up,Up,757.8,1,FALSE,Down,Down,725.9,1,FALSE,Right,Right,964.9,1,FALSE,Up,Up,632.7,1,FALSE,Left,Left,622.5,0.9,TRUE,Left,Left,639.3,1,FALSE,Up,Up,653.5,1,FALSE,Down,Down,685.9,1,FALSE,Right,Right,582.2,1,FALSE,Right,Right,622.7,1,FALSE,Right,Right,558.6,1,FALSE,Right,Right,469.8,1,FALSE,Up,Up,542.4,1,FALSE,Up,Up,542.9,1,FALSE,Left,Left,518.4,1,FALSE,Down,Down,614.4,0.9,TRUE,Down,Down,655,0.8,TRUE,Left,Left,590.1,0.95,FALSE,Down,Down,718.9,29,26,2414.5,15,17,1789.3,24,25,1882.9,27,35,1681.7,23,21,1972.6,20,17,1432.7,20,18,1767.5,13,15,3103.1,17,18,2744.2,26,28,3415.2,18,20,1541.7,28,27,1614.2,25,30,1681.8,18,18,1160.3,25,24,1318.1,9,10,1352.2,28,30,1602.1,27,30,1199.8,22,28,2611.2,27,30,2043.5,32,30,1096,25,28,1155,22,27,1558.7,34,29,1276.9,11,10,1584.2,18,12,3362.5,6,10,2657.7,16,15,933.9,12,17,1037.3,17,19,1671.4,5,6,1107.4,1,1,691,1,1,411.5,15,12,1552,12,13,1278.2,13,15,3012.1,8,8,1132.3,8,8,1407.8,1,1,894.5,9,8,1267.1,1,1,398,15,13,1494.1,4,4,925.2,1,1,539.6,5,5,746.4,1,1,453.7,1,1,408.2,3,3,759.8,Random,Random,1066.7,BML,BML,1004.5,Random,Random,1108.4,Random,Random,1595.3,Random,BML,1044.6,BML,BML,855,Random,Random,1441.4,Random,Random,1092.4,Random,BML,900,Random,BML,899.4,Random,Random,714.9,BML,Random,1852.1,BML,BML,1132.5,BML,BML,1340.9,BML,Random,1257.9,Random,Random,796.1,BML,BML,1052,BML,BML,1162.2,Random,Random,778.8,BML,BML,831.8,Random,Random,948.9,BML,BML,905.8,Random,Random,1004.9,BML,BML,875.4,I,S,1099.8,I,S,1180.5,U,U,955.6,S,S,778.6,U,U,1035.7,I,S,947.3,S,S,772.2,S,S,804.4,I,S,860.2,S,S,636.2,S,S,675.1,I,U,1494.8,I,U,926.4,S,S,804.3,U,U,817.1,U,U,1113.5,I,S,1019.8,U,U,973.5,S,S,864.8,S,S,629.1,S,S,762.5,S,S,690.2,I,S,700.2,S,S,755.7,Both,ksksksksksksksksksksksksksksksksksksksksksksksskskskskskskskskskskskskskskskskskskskskskskskkskskskskskskskskskskskskskskskskskskskskskskskskskskskskskskskskskskskskskskskskskskskskskskskskksksksksksksskskskskskskksksksksksksksksksksksksksksksksksksksksksksksksksksksksksksksskskkskssksksksksksk,29003.5,Right,kslksksksksksksksksksksksksksksksksksksksksks,29013.8,Left,,
10,1962,60,Male,FALSE,,yesWearing,601.3,0.602,604.55,0.574,0.1,FALSE,Left,Left,4029.5,0.2,FALSE,Right,Right,2038.6,0.4,FALSE,Up,Up,1221.9,0.6,FALSE,Left,Left,1638.7,0.8,FALSE,Down,Down,1828,0.7,TRUE,Up,Up,1841.6,0.85,FALSE,Down,Down,1486,0.9,FALSE,Down,Down,1902.9,0.95,FALSE,Up,Up,2006.2,1,FALSE,Right,Up,3488.1,0.9,TRUE,Right,Right,1725.8,1,FALSE,Down,Down,2127.4,1,FALSE,Up,Up,2261.8,1,FALSE,Right,Right,4031.8,1,FALSE,Left,Left,2413.7,1,FALSE,Right,Right,2894.5,1,FALSE,Left,Left,2206.6,1,FALSE,Up,Up,1575.2,1,FALSE,Up,Up,1350.8,1,FALSE,Down,Down,1774.2,1,FALSE,Down,Down,1007.4,0.9,TRUE,Left,Left,1990.1,1,FALSE,Right,Right,2167.6,1,FALSE,Left,Left,2095,1,FALSE,Right,Right,1927.4,1,FALSE,Up,Up,2109.6,29,21,8620.4,15,14,5666.8,24,27,4114.6,27,34,2957.5,23,26,4311.5,20,26,4224.3,20,17,3908.5,13,12,3731.5,17,12,3232.1,26,27,6049.9,18,18,3584.1,28,25,5290.5,25,23,4857.7,18,16,2502.2,25,22,2903.6,9,7,3178.2,28,32,4383.3,27,25,3202.8,22,26,3257.1,27,27,3543.7,32,29,3704.6,25,26,3701.2,22,19,3482.6,34,33,2967,11,3,6330.9,18,2,8564.2,6,3,9067.1,16,5,6100,12,3,5124.4,17,12,9588.7,5,,,1,,,1,,,15,3,4132.1,12,6,3114.1,13,5,4067.2,8,12,2681,8,15,3864.1,1,12,4208.2,9,10,2539.5,1,1,2279.6,15,12,2531.5,4,10,2405.9,1,10,2754.5,5,2,6981.2,1,2,3401,1,1,1693.6,3,2,1808.9,Random,Random,3544.7,BML,BML,3173.7,Random,Random,5013.2,Random,Random,3987.3,Random,Random,3016.5,BML,Random,4463.9,Random,Random,2311,Random,Random,3392.2,Random,Random,4527.5,Random,BML,2260.2,Random,Random,2341.5,BML,BML,2755.7,BML,BML,2874.2,BML,Random,1766.2,BML,Random,2396.8,Random,Random,1955.7,BML,BML,2061.6,BML,Random,1701.6,Random,Random,2060.7,BML,BML,2632,Random,Random,2041.7,BML,Random,2027.6,Random,Random,2045.5,BML,BML,2236.5,I,S,4488.5,I,U,2561.3,U,U,2142.1,S,S,2357.3,U,U,2196.2,I,S,2303.8,S,S,1867.6,S,S,1560.6,I,S,1757.4,S,S,1617.2,S,S,2070.1,I,S,1870,I,U,1947.9,S,S,1566.2,U,U,2015.3,U,U,1650,I,S,1483,U,U,1841.4,S,S,2851.2,S,S,1932.1,S,S,1799.2,S,S,1788.9,I,S,1575.6,S,S,1538.3,Both,kskskskskskskskskskskskskskskskskskskskskskskskskskskskskskskskskskskskskskskskskskskskskskskskskskskskskskkskskskskskskskkskskskskskskskskkskskskskksk,29015,Right,lksksksksksksksksksksksksksksksksksksksksksksksksksksksksksjkslksksksksksksksksksk,29013,Left,kskskskjskskskskskskskskskslksksksksksksksksksksksksksksksksksksksksksk,29019.3
11,1990,32,Female,FALSE,,no,589.66,0.856,614.97,0.828,0.1,FALSE,Left,Left,2884,0.2,FALSE,Down,Down,1135,0.4,FALSE,Right,Right,2401,0.6,FALSE,Down,Down,883,0.8,FALSE,Down,Down,1040,0.85,FALSE,Up,Up,946,0.9,FALSE,Right,Right,876,0.95,FALSE,Up,Up,758,1,FALSE,Left,Left,729,1,FALSE,Right,Right,852,1,FALSE,Left,Left,574,1,FALSE,Left,Left,1690,1,FALSE,Up,Up,801,1,FALSE,Up,Up,1092,1,FALSE,Up,Up,848,1,FALSE,Down,Down,737,0.9,TRUE,Left,Left,848,1,FALSE,Right,Right,692,1,FALSE,Right,Right,665,1,FALSE,Down,Down,846,1,FALSE,Down,Down,799,1,FALSE,Left,Left,848,0.9,TRUE,Right,Right,712,0.8,TRUE,Right,Right,752,0.95,FALSE,Down,Down,827,0.95,FALSE,Up,Up,1015,29,25,6820,15,25,6393,24,15,3922,27,15,2567,23,15,2917,20,15,3379,20,15,2811,13,10,4218,17,10,2609,26,12,3023,18,12,4582,28,17,5691,25,20,2148,18,12,3514,25,20,3681,9,9,5096,28,20,2509,27,20,2779,22,15,2915,27,20,2198,32,30,3108,25,20,2725,22,17,6795,34,25,2093,11,20,7274,18,20,3021,6,25,2941,16,25,2517,12,30,3202,17,20,8555,5,25,2058,1,25,2025,1,25,1939,15,25,2720,12,25,3045,13,25,2547,8,27,2228,8,27,2838,1,27,2196,9,27,2498,1,27,2102,15,27,3150,4,30,2797,1,32,2081,5,30,2112,1,30,1937,1,35,1974,3,35,2648,Random,Random,3967,BML,BML,1690,Random,BML,1972,Random,BML,1868,Random,BML,1964,BML,BML,1520,Random,BML,1777,Random,BML,3016,Random,BML,1777,Random,BML,1604,Random,BML,1429,BML,BML,1628,BML,BML,1628,BML,BML,2160,BML,BML,1631,Random,BML,1625,BML,BML,1733,BML,BML,1586,Random,BML,1617,BML,BML,1501,Random,BML,1807,BML,BML,1648,Random,Random,1462,BML,BML,1406,I,None,,I,S,4237,U,U,1913,S,S,1667,U,U,1485,I,S,1647,S,S,1590,S,S,2926,I,S,1788,S,S,1785,S,S,1553,I,S,1559,I,U,1961,S,S,1588,U,U,1443,U,U,1469,I,S,1666,U,U,1384,S,S,1252,S,S,1429,S,S,1324,S,S,1391,I,S,1329,S,S,4038,Both,ksksksksksksksksksksksksksksksksksksksksksksksksksksksksksksksksksksksksksksksksksksksksksksksksksksksksksksksksksksksksksksksksksksksksksksksksksksksksksksksksksksksksksksksksksksksksksksksksksksksksksksksksksksksksksksksksksksksksksksksksk,29015,Right,ksksksksksksksksksksksksksksksksksksksksksksksksksksksksksksksksksksksksksksksksksks,29022,Left,,
12,1997,25,Female,FALSE,,no,443.03,0.884,441.21,0.878,0.1,FALSE,Left,Down,112.3,0.05,FALSE,Up,Up,1515.6,0.05,FALSE,Up,Up,1250.5,0.1,FALSE,Up,Up,1204.2,0.15,FALSE,Up,Up,2047.3,0.2,FALSE,Right,Right,999.2,0.25,FALSE,Up,Up,859.5,0.3,FALSE,Down,Down,1051.3,0.35,FALSE,Up,Up,776,0.4,FALSE,Right,Right,866.9,0.45,FALSE,Left,Left,671.1,0.35,TRUE,Right,Right,808.7,0.5,FALSE,Down,Down,937.1,0.55,FALSE,Left,Left,766.4,0.6,FALSE,Left,Left,744.9,0.5,TRUE,Right,Right,681,0.4,TRUE,Down,Down,877.6,0.55,FALSE,Left,Left,926.3,0.55,FALSE,Right,Right,577,0.6,FALSE,Left,Left,733.7,0.65,FALSE,Left,Left,902.1,0.7,FALSE,Right,Right,851.1,0.75,FALSE,Up,Up,866,0.8,FALSE,Up,Up,872.1,0.85,FALSE,Right,Right,989.9,0.9,FALSE,Down,Down,802.6,29,30,2612.4,15,12,2716.6,24,16,3804.1,27,18,1682.3,23,20,2441.1,20,18,1548.5,20,15,1871.3,13,10,2762.5,17,9,1500.7,26,14,1806.9,18,13,1511.4,28,12,1247.7,25,18,1857.6,18,12,1257.1,25,18,1428.9,9,7,2033.2,28,26,2467,27,25,1267.3,22,24,1264.4,27,23,1549.9,32,29,3665.6,25,2,2232.8,22,26,2661.3,34,None,,11,6,3660.6,18,9,1108.7,6,6,1601.1,16,9,1172.2,12,10,1126.2,17,13,1215,5,5,3439.5,1,1,1054,1,1,600,15,10,1099.6,12,10,624.3,13,10,495.8,8,8,1190.5,8,7,812.6,1,1,797.9,9,5,1381.7,1,1,645.3,15,10,1039,4,5,1536.6,1,1,757.2,5,4,1153,1,1,628.2,1,1,467.1,3,3,1285.3,Random,Random,2237.3,BML,BML,1553.9,Random,BML,1755.3,Random,Random,1232.2,Random,Random,1165.4,BML,BML,1401.5,Random,Random,1341.1,Random,Random,1743.5,Random,BML,1325.6,Random,Random,1253.2,Random,Random,1176.8,BML,BML,1491.2,BML,BML,1619.3,BML,BML,1351.4,BML,Random,1127.8,Random,BML,1171.2,BML,BML,1212.9,BML,BML,1329.5,Random,Random,1508,BML,BML,1517.4,Random,Random,1208.1,BML,BML,1321.5,Random,Random,1121.9,BML,BML,1087.3,I,S,1637.3,I,U,2201.4,U,U,1149.8,S,U,1448,U,U,1247.6,I,U,1556,S,U,1226.5,S,S,1642.2,I,U,1250.3,S,S,1154.2,S,U,1272.4,I,U,1571.4,I,U,1438.3,S,U,1105.3,U,U,1012.3,U,U,1067.7,I,U,1078.3,U,U,1097.4,S,U,998.4,S,U,1051.3,S,U,990,S,S,1607.5,I,S,940.9,S,U,1115.5,Both,None,,Right,sksksksksksksksksksksksksksksksksksksksksksk,29012.3,Left,sksksksksksksksksksksksksksksksksksksksksksksksksksk,29020.1
13,2000,22,Female,FALSE,,no,504.76,0.888,529.48,0.892,0.1,FALSE,Right,Right,2696.6,0.2,FALSE,Left,Left,1021.9,0.4,FALSE,Right,Right,1392.9,0.6,FALSE,Down,Down,949.9,0.8,FALSE,Up,Up,751.1,0.85,FALSE,Down,Down,801.5,0.9,FALSE,Right,Right,953.7,0.95,FALSE,Down,Down,1153.8,1,FALSE,Right,Right,929.6,1,FALSE,Right,Right,1311.4,1,FALSE,Left,Left,748.9000001,1,FALSE,Left,Left,1091.2,1,FALSE,Down,Down,1098.7,0.9,TRUE,Left,Left,886.4000001,1,FALSE,Up,Up,961.4000001,1,FALSE,Up,Up,717.5,1,FALSE,Right,Right,890.3,1,FALSE,Up,Up,854.0999999,1,FALSE,Up,Up,1615.6,0.9,TRUE,Up,Up,818.4000001,1,FALSE,Down,Down,1056,1,FALSE,Down,Down,565.6,1,FALSE,Left,Left,864.6,1,FALSE,Left,Left,766.3000001,1,FALSE,Left,Left,1065.7,0.9,TRUE,Right,Right,770.7,29,30,7545.2,15,10,3296.5,24,20,4047.1,27,30,2927.6,23,18,4348.6,20,20,3880.9,20,18,5038.2,13,13,5333.2,17,13,2164.9,26,20,3270.9,18,16,3129.3,28,17,2809.6,25,30,3028.8,18,13,5985.3,25,15,2892.1,9,7,3037.2,28,30,2882.1,27,16,2826,22,15,1903.4,27,20,3889.9,32,30,2621.8,25,23,4899.9,22,23,5114.1,34,30,2643.5,11,None,,18,20,3130.8,6,5,3410.4,16,15,1941.8,12,15,1230.9,17,16,1200.2,5,3,1397.6,1,2,1197.9,1,1,637.4,15,6,1466.3,12,6,872.7,13,6,612.2,8,6,1453.6,8,6,635.1,1,1,1351.6,9,6,1171.3,1,1,859.9,15,6,1071,4,2,1634.8,1,1,1478.8,5,3,1267.1,1,1,786.2,1,1,763.3,3,2,1296.3,Random,Random,1636.6,BML,BML,1821.4,Random,BML,1848.7,Random,Random,1873.5,Random,Random,2169.6,BML,BML,1646.1,Random,Random,1435.1,Random,Random,1508.7,Random,Random,3226.9,Random,Random,1405,Random,Random,1573.3,BML,Random,2036.9,BML,BML,1415.4,BML,BML,1717.8,BML,BML,2023,Random,BML,1472.8,BML,BML,1500.5,BML,BML,1861.3,Random,Random,1697.1,BML,BML,1768.4,Random,Random,1536,BML,BML,1940.8,Random,BML,2321.7,BML,BML,1695.7,I,S,3541.5,I,S,2468.7,U,S,2164.6,S,S,2459,U,U,2296.7,I,S,2047.7,S,S,1992.9,S,S,1609.6,I,S,1899.9,S,S,1540.9,S,S,1729.1,I,S,1524.5,I,S,1651.2,S,S,1557.1,U,U,2028.2,U,U,1618.3,I,S,2001.8,U,U,1630.1,S,S,1472.9,S,S,1652.2,S,S,1342.4,S,S,1912,I,S,1289,S,S,2179.4,Both,sk,29030.8,Right,ksksksksksksksksksksksksksksksksksksks,29030.9,Left,kskskskskskskskskskskskskskskskskskskskskskskskssksksksksksksksksksksksksksksksksksksksksksksksksksksksksksksk,29009.8
14,1997,25,Female,FALSE,,yesWearing,500.98,0.584,493.9,0.584,0.1,FALSE,Up,Up,1299.3,0.2,FALSE,Up,Up,909.6,0.4,FALSE,Down,Down,978.1,0.6,FALSE,Right,Right,801.3,0.8,FALSE,Down,Down,921.5,0.85,FALSE,Right,Right,809.8000001,0.75,TRUE,Down,Down,773.3,0.9,FALSE,Left,Left,714,0.95,FALSE,Up,Up,733.6,1,FALSE,Right,Right,721.6,1,FALSE,Left,Left,820.8,1,FALSE,Down,Down,741.8000001,1,FALSE,Right,Right,675.1,1,FALSE,Up,Up,568.6,0.9,TRUE,Left,Left,693.7,1,FALSE,Left,Left,690.9,1,FALSE,Right,Right,643,1,FALSE,Left,Left,616.6,1,FALSE,Down,Down,718.6,1,FALSE,Down,Down,751.7,1,FALSE,Right,Right,658.7,0.9,TRUE,Up,Up,599.1,1,FALSE,Right,Right,615.3,1,FALSE,Up,Up,665.6,1,FALSE,Up,Up,652.5999999,1,FALSE,Left,Left,660.6999999,29,40,3822,15,15,2882.6,24,25,3421.1,27,20,3033.6,23,30,2995.7,20,20,3239.9,20,25,2515.6,13,15,2149.7,17,15,3293.8,26,40,2513.5,18,25,2553.6,28,35,2419.5,25,25,3516.7,18,20,2010.1,25,40,2290.3,9,10,1979.5,28,40,4534,27,40,2177,22,30,3345.6,27,30,2936.2,32,40,1961.9,25,30,1850,22,20,1859.9,34,50,3054,11,7,3120.7,18,10,2143.4,6,6,3871.3,16,15,2245.9,12,9,5732.9,17,12,3757,5,7,1583.4,1,1,1197.9,1,2,1033.7,15,12,2227.9,12,15,1636.2,13,17,1745.9,8,9,2414.8,8,8,2633.8,1,1,1193.9,9,8,2057.2,1,1,1059.1,15,10,1863,4,5,1298.4,1,1,1059.8,5,6,4053.3,1,1,1079.7,1,2,975.6999999,3,5,2025.1,Random,Random,2661.6,BML,BML,2181.7,Random,BML,2237.9,Random,Random,1614,Random,Random,1417.4,BML,BML,1333.2,Random,Random,1462.9,Random,Random,1469.6,Random,Random,1751.4,Random,Random,1524.5,Random,Random,1981.7,BML,BML,1986.5,BML,BML,1172.1,BML,BML,1376.7,BML,BML,1134.5,Random,Random,1335.1,BML,BML,1113.7,BML,BML,1177.1,Random,Random,1220.5,BML,BML,1575.2,Random,Random,1230,BML,BML,1480.3,Random,Random,1127.8,BML,BML,1397.7,I,S,4314.8,I,S,1944.7,U,S,2725.5,S,U,2126.9,U,U,1652.2,I,S,1297.8,S,S,3515.4,S,S,1231.3,I,S,1654.5,S,S,1276.2,S,S,1244.9,I,S,1712.7,I,S,1190.5,S,S,1318.6,U,U,1509.9,U,U,1296.8,I,S,1243.2,U,U,1271.3,S,S,1211.3,S,S,2232.3,S,S,1574.9,S,S,1448.1,I,S,1392.9,S,S,1456.9,Both,ksksksksksksksksksksksksksksksksksksksksksksksksksksksksksksksksksksksksksksksksksksksksksksksksksksksksksksksksksksksksksksksksksksksksksksksksksksksksksksksksksksksk,29034.4,Right,kskskskskskskskskskskskssksksksksksksksksksksksksksksksksksksksksksksksksksksksksksksksksksksksksksksksksksksksksk,29040.9,Left,kskskdkskskskskskskskskskskskskskskskskskdsksksksksksksksksksksksksksksksksksksksksksksksksksksksksksksksksksks,29017.4
15,1997,25,Male,FALSE,,no,517.68,1.13,502.86,1.112,0.1,FALSE,Down,Down,981.1,0.2,FALSE,Right,Right,902.1,0.4,FALSE,Up,Up,1295,0.6,FALSE,Up,Up,753.3,0.8,FALSE,Up,Up,556.9,0.85,FALSE,Left,Left,680,0.9,FALSE,Left,Left,569.1,0.95,FALSE,Down,Down,622.8,1,FALSE,Right,Right,661.2,1,FALSE,Right,Right,586.9,1,FALSE,Left,Left,588.7,0.9,TRUE,Up,Up,614.9,1,FALSE,Right,Right,527.9,1,FALSE,Left,Left,653.8,1,FALSE,Down,Down,663.5,1,FALSE,Right,Right,607.9,1,FALSE,Right,Right,559.5,1,FALSE,Down,Down,604,1,FALSE,Down,Down,502.9,0.9,TRUE,Up,Up,563.7,1,FALSE,Up,Up,458.2,0.9,TRUE,Right,Right,540.8,1,FALSE,Right,Right,487.2,1,FALSE,Down,Down,562,1,FALSE,Left,Left,539.3,1,FALSE,Down,Down,693.7,29,12,6506.6,15,14,5927.9,24,18,7882,27,16,2799,23,20,2719.3,20,12,4391,20,8,1591.9,13,10,3322.2,17,15,1825,26,10,2327.2,18,12,1608.2,28,20,2153.3,25,16,2154.4,18,19,1547.3,25,20,1727,9,7,1849.7,28,14,1846.1,27,17,1314.8,22,12,1420,27,16,1986.8,32,20,1191.4,25,16,2552.6,22,11,3618.4,34,24,1567.8,11,3,6792.1,18,3,3547,6,3,3424,16,None,,12,4,4835.8,17,6,2661.9,5,5,1037,1,5,630.3,1,5,334.7,15,4,5490.6,12,5,1080.8,13,4,725.8,8,4,770.8,8,4,491.4,1,1,921,9,4,728,1,1,766.3,15,6,1172.7,4,2,905.9,1,1,781.5,5,3,687.4,1,1,835.8,1,1,497.5,3,3,776.2,Random,BML,3548.2,BML,BML,2542.1,Random,BML,3298.2,Random,BML,2426.1,Random,BML,3258.2,BML,BML,2132.4,Random,BML,1996.6,Random,Random,3355.3,Random,BML,3506.8,Random,Random,3370.9,Random,Random,2085.9,BML,BML,2434.1,BML,BML,3602.6,BML,BML,2614.2,BML,BML,2218.9,Random,Random,2518.4,BML,BML,2024,BML,Random,3145,Random,BML,2522.6,BML,BML,1803.5,Random,Random,4746.4,BML,BML,1444.7,Random,Random,1645.3,BML,BML,1922.1,I,S,1898.2,I,S,1998.7,U,S,1581,S,S,1421.4,U,S,2145.4,I,S,2360.7,S,S,3183,S,S,1907.5,I,S,1564.9,S,S,1362.4,S,S,1176,I,S,1194.2,I,U,1815.5,S,U,2390,U,U,1806.9,U,U,1933.8,I,S,1415.8,U,U,1235.9,S,S,1410,S,S,1258.6,S,S,2439.7,S,S,2620.9,I,S,1217.3,S,U,1931.5,Both,sksksksksksksksksksksksksskskksskkskskskskskskskskskskskskskskskskskskskskskskskskskskskskskskskskskskskskskskskkskskskskskskskskskskskskskskskskskskskskskskskskskskskskskskskskskskskskskskskskskskskskskskskskskskskskskskskskskskskskskskkskskskskskskskskskskskkskskskskskkskskskskskskskskskskskkskskskskskskkskskskskskskskskskkskskksksksksks,29033.5,Right,ksksskskksskksksskksksksskskksskksksskksskskskksskskkskskskskskskksskksskskskskksskskskksskskskskskskskskskskskskskskskkskksskskskksskskskskskskskskskskskskksskksskksksksksskskskskksskskskskkssksksksksskksssskksskksskksksksksskksskskksskskksksskskksskksksskskksksskksskksskksskskskskskskskskskks,29029.9,Left,skkssksksksskksskskskskksskksksksksksskskksskskskskksskskskskksskskskskskskksskksskksskksskskksskskskskskskskksksksskksksskskksskksksskskskskskksskkskskksskksskskskkksskskskksskskskksskskkskksksskskskskskskskskksskksskksksksskksskskskkksskskksskksskksskksskskksskksskskskskkssksksk,29029.8
16,1996,26,Female,FALSE,,no,496.37,0.968,439.27,0.934,0.1,FALSE,Up,Up,1371.6,0.2,FALSE,Right,Right,1064.7,0.4,FALSE,Right,Right,966,0.6,FALSE,Left,Left,759.6,0.8,FALSE,Left,Left,688.7,0.85,FALSE,Up,Up,868.5,0.9,FALSE,Down,Down,849.4,0.95,FALSE,Left,Left,764.7,1,FALSE,Up,Up,948.6,1,FALSE,Left,Left,753.3,0.9,TRUE,Right,Right,710.8,0.8,TRUE,Up,Up,836.8,0.95,FALSE,Left,Left,686,0.95,FALSE,Up,Up,915.3,1,FALSE,Down,Down,1019.6,1,FALSE,Up,Up,711.1,1,FALSE,Left,Left,687.3,1,FALSE,Up,Up,743.9,0.9,TRUE,Down,Down,749.3,1,FALSE,Right,Right,689.5,1,FALSE,Up,Up,848.2,1,FALSE,Down,Down,707.3,1,FALSE,Right,Right,832.8,1,FALSE,Right,Right,1775.5,1,FALSE,Left,Left,745.5,1,FALSE,Right,Right,723.3,29,25,5282.9,15,15,6021.4,24,17,3794.7,27,20,3606.9,23,20,2544.3,20,20,4281.6,20,18,3164,13,15,3809.7,17,15,3258.9,26,20,2895.3,18,12,3325.4,28,22,4605.1,25,22,2175.1,18,18,3274.7,25,20,2793.7,9,10,2902.2,28,25,3110,27,20,2138.1,22,18,3074,27,20,1872,32,18,3065.8,25,20,2402.8,22,17,4688.1,34,20,2847.7,11,None,,18,None,,6,None,,16,None,,12,5,7090.6,17,7,3270.5,5,3,3193.1,1,1,2689.2,1,1,2274.5,15,6,2840.4,12,5,2410.8,13,5,1748.2,8,4,2266.3,8,4,2738,1,1,1993.7,9,4,2016.9,1,1,1683.5,15,5,2495.1,4,3,2040.9,1,1,1649.6,5,3,1655.2,1,1,2054.1,1,1,1585.6,3,2,2046.8,Random,Random,3117.3,BML,BML,2931,Random,Random,2168.5,Random,Random,3006.4,Random,BML,1789.4,BML,Random,3584.3,Random,Random,2135.1,Random,Random,3270.4,Random,BML,1740.8,Random,BML,1446.2,Random,Random,3091.4,BML,BML,4194.1,BML,BML,2526.5,BML,BML,1726.7,BML,Random,2059.8,Random,Random,2720.5,BML,BML,2426.8,BML,BML,1997.6,Random,BML,1630.8,BML,BML,1567.9,Random,BML,1856.9,BML,BML,1594.8,Random,BML,1789.2,BML,BML,1677.2,I,S,3094.6,I,S,2426.8,U,S,1903.4,S,S,1598.5,U,S,1521.8,I,S,1409,S,S,1619.1,S,S,1499.6,I,S,1428.5,S,S,2177.8,S,S,1966.7,I,S,1785.1,I,S,1711.5,S,S,1757.3,U,S,1607.3,U,S,1638.1,I,S,1632.2,U,S,1705.4,S,S,1593.9,S,S,1500.4,S,S,1450.6,S,S,1334.9,I,S,1314,S,S,1451.5,Both,skskskskskskskskskkskskskskskskskskskskskskkskskkskskskkskskskskskskskskksksksksskskskskskks,29014.4,Right,kksksksksksksksksskksskskksskksksksskksskkskskskskskksksksskkssk,29006.4,Left,kskskskskskskskkskssksksksksksksksksksksksksksksksksksksksks,29016
17,1992,30,Male,FALSE,,no,505.62,0.64,570.88,0.63,0.1,FALSE,Up,Up,1019.6,0.2,FALSE,Left,Left,670.2,0.4,FALSE,Up,Up,716.5999999,0.6,FALSE,Up,Up,622,0.8,FALSE,Left,Left,655.9000001,0.85,FALSE,Down,Down,652,0.9,FALSE,Right,Right,628.7,0.95,FALSE,Right,Right,1044.4,1,FALSE,Left,Left,675.6000001,1,FALSE,Right,Right,783.4000001,1,FALSE,Down,Down,758.8,0.9,TRUE,Up,Up,692.1000001,0.8,TRUE,Down,Down,765.3,0.95,FALSE,Right,Right,789.3999999,0.95,FALSE,Up,Up,770.1000001,0.85,TRUE,Up,Up,958.5999999,1,FALSE,Right,Right,746.2,1,FALSE,Down,Down,767.8,1,FALSE,Down,Down,846.8,1,FALSE,Left,Left,876.2,1,FALSE,Left,Left,723.5,1,FALSE,Up,Up,688,1,FALSE,Left,Left,882.7,1,FALSE,Down,Down,794.3999999,1,FALSE,Down,Down,734.0999999,1,FALSE,Right,Right,883,29,17,4526.3,15,10,3227.6,24,22,2614.4,27,15,2097.8,23,17,2366.2,20,12,3278.6,20,16,2628.5,13,9,2272.3,17,12,2102.4,26,18,2160.5,18,14,3729.2,28,22,3200.8,25,18,2461.5,18,12,2587,25,20,2541.9,9,8,2308.2,28,20,2222.9,27,18,2580.1,22,10,8088.9,27,27,2908.2,32,30,2945.7,25,20,2778.9,22,16,2210.3,34,22,1879.3,11,9,4482.9,18,10,2082.8,6,6,1626.8,16,14,2175,12,8,4119.4,17,15,2443.4,5,5,1658.7,1,1,1550.5,1,1,1686.6,15,10,2066.6,12,8,2467.6,13,7,4475.9,8,5,1628.6,8,9,3643.3,1,1,1859.1,9,5,1873.5,1,1,1232.6,15,10,1171,4,4,1246.6,1,1,614.8,5,4,1777.7,1,1,461.8,1,1,465.0999999,3,3,741,Random,Random,2284.8,BML,BML,1846.6,Random,Random,1271.6,Random,Random,1560.5,Random,Random,1242,BML,BML,1611.3,Random,Random,1473,Random,Random,1700.6,Random,BML,2354,Random,Random,1427.6,Random,Random,1318.2,BML,BML,1739.4,BML,BML,1626.6,BML,BML,1583.8,BML,BML,1587.3,Random,Random,1318.9,BML,BML,1483.5,BML,BML,3597.9,Random,Random,2010.1,BML,BML,1951.7,Random,Random,1822.8,BML,BML,1928.9,Random,Random,1619,BML,BML,1434.8,I,S,2196.6,I,S,1572.4,U,U,1677.6,S,U,1711.2,U,U,1452.6,I,S,1304.4,S,U,1800.2,S,S,1280.9,I,S,1432.5,S,S,1240.7,S,S,1362.3,I,U,1473.6,I,U,1370.5,S,S,1328.5,U,U,1388.9,U,U,1565.6,I,U,1467.4,U,U,1419.1,S,U,1615.7,S,S,2054.3,S,S,2603,S,U,1313.3,I,S,1256.6,S,S,1324.6,Both,ssksksksksksksksksksksksksksksksksksksksksksksksksksksksksksksksksksksksksksksksksksksksksksksksksksksksksksksksksksksksksksksksksksksksksksksksksksksksksksksksksksksksksksksksksksksksksksksksksksksksksks,29005.1,Right,sksksksksksksksksksksksksksksksksksksksksksksksksksksksks,29011.6,Left,,
